datetime,Sales,direct,retail sales,unknown sales,applications,net applications
2022-01-01,73435.5425453682,13872.87096935364,19076.761436024997,14758.062217663271,172.86876393652372,53.51195510052327
2022-01-02,47357.641580678624,8806.127294950273,24006.239800474756,10101.713839646554,648.3903652026271,375.9509798861578
2022-01-03,58904.648404001004,8743.887992673206,26946.778110465504,9156.154208941382,528.4235790424099,320.77011682982743
2022-01-04,63591.41061858128,10162.285371150627,35580.04905750082,6588.506663234956,453.65208679513796,314.3857201663472
2022-01-05,39285.10794063813,8635.557644309973,31805.97408826881,11869.207824317871,389.17390729023526,303.6575874970917
2022-01-06,52280.89266594954,8292.048842418064,30389.710195783147,14801.266395198076,277.3651278043791,245.60176035214013
2022-01-07,43964.44330915873,9982.619055930554,38236.68334923465,8442.37597994438,626.3640113219435,320.52692413783245
2022-01-08,46397.967288805,12281.017283862759,29210.361794123615,12678.600301326702,480.5266264232548,310.7134051197309
2022-01-09,51152.04615780441,12457.771446418992,26883.83087911504,9975.207199157236,446.32796797505637,362.14216327372526
2022-01-10,41696.39584174706,11941.69189851178,35813.94843269676,11395.581320856101,409.2740149710766,271.42566909258517
2022-01-11,45883.50283085175,11693.723321248137,38670.325074844404,8516.445925762147,602.6349534812327,307.70261099313643
2022-01-12,47098.42896230196,9387.340978491246,34054.35251133746,8400.188946142172,379.84925580879,213.35100119210983
2022-01-13,48581.777990107155,9805.415366663949,33756.43477994826,12254.965622978583,578.7035490386108,347.53830384870776
2022-01-14,38851.718860281486,8653.812525997157,28658.408389162265,9946.150343390638,484.6800409320068,271.9214798548569
2022-01-15,63339.980117659725,7246.184066003556,22701.567218650467,12295.0766475918,314.344110605828,303.81817252934985
2022-01-16,68852.02143750532,10885.384142562318,22690.37079759481,9073.986099178845,565.2527773118607,341.51457019964835
2022-01-17,25174.028208255197,12180.741307705219,26018.774879112443,11453.160300008769,406.449161077114,331.9813294878543
2022-01-18,57124.73732272344,11630.8976034401,35241.69198802631,13886.300200764119,276.0662122910884,226.57484344790703
2022-01-19,59961.34404687518,12319.151445269013,24074.97629461077,8186.430571095084,579.301711410124,286.5711202209308
2022-01-20,44653.44564869565,13315.023676911938,27638.853583458374,12770.291839582658,494.2812086163819,292.02252084945195
2022-01-21,40709.98892668418,11179.773202690718,43750.523024568625,10868.367470645393,653.9072078517031,350.71295870317863
2022-01-22,64143.642704752856,7791.280321059603,29923.610711185138,8121.74479261253,526.0989465582593,334.310832913334
2022-01-23,48263.481358438454,8288.99192922022,38388.837361136146,8177.912892896865,430.56054080902214,264.6142517962507
2022-01-24,59983.010313242456,8895.907094966778,24991.002909038558,6439.631936825411,430.000773591202,299.61178745630076
2022-01-25,63794.836308507736,9808.639293309705,23234.215879000814,7479.286279054508,479.2003613323807,282.19055356935655
2022-01-26,58912.79966085182,9006.958519573316,33653.52025901374,11327.280358414726,483.5655918171916,362.57919678917085
2022-01-27,67579.36726539509,12235.321658044064,27113.975326098778,7581.095623650411,620.3976776032658,273.7710655304856
2022-01-28,50902.82676005298,10404.6087825921,27763.484615571848,11937.9640019326,560.235730208455,283.6707746349199
2022-01-29,39192.171049600496,10792.08006949218,27849.447768569335,11178.199378106403,491.57203831126833,242.45380150886385
2022-01-30,50725.17991338154,9662.770753468683,28178.192955097194,13652.790398175344,534.3405691766268,313.2565060751679
2022-01-31,89260.67811615087,13087.412833619439,23673.46506457886,11896.48397723651,297.22719217577367,51.48113653055446
2022-02-01,46695.16297637408,5100.2973278853415,27959.16983401923,6515.317798864329,633.1011890360348,339.3036663849835
2022-02-02,56491.538880940476,10154.873832582152,19745.471493143523,13981.591136036795,450.9624253696264,232.56006007179673
2022-02-03,61549.71077651947,12851.410576587743,30458.280367267023,10808.314355148244,478.0735069266206,319.0371441551291
2022-02-04,46893.94714930274,9935.868367006904,35011.755133510116,12945.250623335447,547.3914274039724,322.6757335767263
2022-02-05,47521.70040969694,12754.11588831033,20190.640141643933,8822.470288046243,523.4022701540821,395.38526322513053
2022-02-06,46610.43152735747,11149.934141520316,25018.118246649537,11873.571051138124,350.7319966480046,355.5188224884638
2022-02-07,49006.80188719102,11201.89171197489,31948.615778582058,8272.111214048193,492.56641635656723,255.39650979099616
2022-02-08,57514.64030803048,12731.07176288982,28913.85460988712,11606.112641455715,554.2060798517446,246.19506136478543
2022-02-09,35054.99179220668,9300.95601953068,40752.880362403055,9956.240858816853,378.3689912397091,251.33295206284646
2022-02-10,49774.56351225142,10737.40090131291,24092.335620792674,10745.773729063601,525.5613451872382,260.7285439900348
2022-02-11,57601.79372622875,9500.038415531086,30669.864487382914,8598.780690458309,339.28290104672453,329.89857060064315
2022-02-12,37239.87518198126,8426.94518260513,33011.27990871632,10553.78819605259,413.4317848357282,265.1334012268649
2022-02-13,46788.12773290379,11159.602297485928,18315.48245344431,7563.137635629434,454.0640325836444,280.1558246796898
2022-02-14,49776.67210412428,4675.006085803169,21176.04301287083,12492.418050075761,423.9518166167087,284.21253901879925
2022-02-15,57529.82908494188,5255.164999797573,28758.533677563802,10596.1448896207,390.536404030688,253.752451465243
2022-02-16,50889.01530123508,12248.574248779914,27037.646221069474,8946.969289390863,611.3854443145168,385.6756132141704
2022-02-17,48823.21013257392,9720.332122302898,26038.01517210126,8228.435446506093,501.9947446614829,317.8487958011426
2022-02-18,42608.45928884382,9276.939799648002,28559.451906391558,9887.076293439522,538.8789613166207,322.39538607618374
2022-02-19,57154.82449436124,8250.416023765463,35286.651991465355,8001.136578869995,428.942298894243,288.23365064048755
2022-02-20,58303.52105696763,9422.878840771784,40329.51731394175,10000.236432268257,347.6290193859195,353.3321726256521
2022-02-21,54852.03216100223,7266.826011824335,22788.245468626166,9191.240636452703,381.90868743244073,306.397860906183
2022-02-22,50601.95348600206,13506.129692244423,30845.26525856868,8602.227769652764,401.2721652131992,264.3877360532812
2022-02-23,56611.49172340846,8046.692985416585,32985.495799556564,8341.979052128629,529.3821112277719,315.51984792851397
2022-02-24,45179.65035657989,10789.93846441142,33095.27816072792,9248.124499432599,425.1852421239933,303.16756616275984
2022-02-25,50940.60290828858,11505.137337118782,28417.634557112164,7378.304528902363,529.8077288920025,308.46577554045814
2022-02-26,53146.62461040612,10011.843847956019,24919.08597043966,5663.934654776518,408.58363280649485,282.87489784870655
2022-02-27,42729.12814779768,11337.345322419602,21525.664631936816,8815.986385448696,420.10311259495734,263.2539232481969
2022-02-28,71382.0351412129,10381.267366778822,37887.67621616029,11841.874164177168,663.3245577088388,194.44658592138535
2022-03-01,40999.035430066775,11616.514872493928,36627.07510923669,8874.217425285282,518.5278835986418,273.6373461304815
2022-03-02,63241.45466008445,14464.66199728153,20389.050141642718,14646.339148569079,237.31590076108012,61.474653163168114
2022-03-03,32359.133715304994,7211.765056844394,19019.291245185537,8358.286410726447,522.8226564925536,257.4948762667808
2022-03-04,68829.32939129314,9722.360200018751,29460.71652136928,7870.910176932024,605.4297920351933,297.48495051210494
2022-03-05,37301.65889172758,10903.996346383594,23837.362577636042,11810.421821777625,426.2290595797717,355.31373372363385
2022-03-06,60451.44401161717,10730.685991784276,32967.84078084267,10854.627515267004,642.1310545377119,245.65936290650546
2022-03-07,59605.22017269474,8369.811573297806,28869.28290715752,11548.925936264652,372.25643925816837,267.802749916822
2022-03-08,49564.511964366524,11746.297340941983,29415.052648474455,9982.370533762398,399.0035288421978,290.54493023962596
2022-03-09,51605.2419365915,9772.437424694606,37055.03495211834,10358.419858525662,418.73135553619744,342.03024352351616
2022-03-10,57200.84012992595,11418.140834736028,31460.017784569533,6107.967253818467,503.0909300798961,259.3774777698167
2022-03-11,58130.42647808061,12586.872107070645,17692.502133540427,6582.491010892769,512.540605689685,322.68154601603044
2022-03-12,46366.14291028371,9977.73974005739,34599.109794991266,12689.721131492865,574.9320903139479,191.13766285866774
2022-03-13,66346.18749410126,9401.428152732184,22253.397373335796,11215.142632309871,608.4050589256236,328.2070124770583
2022-03-14,59497.88225664303,8582.348065522327,21270.535614978806,9164.849669199588,552.3756322789476,295.19598757780665
2022-03-15,39959.942796662595,13279.474871838043,23048.5695860089,12027.381520703944,666.9902127608107,208.08275121728798
2022-03-16,50590.3353362269,7408.055872574667,27310.303220412305,10268.199935607703,533.5997715352704,311.5186426638544
2022-03-17,51050.9919588785,9334.514466253364,40789.91222226744,11324.92482531511,434.5750966475558,292.56793559271114
2022-03-18,57908.505677385634,9418.712213284884,35089.4779882855,10367.947632754094,529.0507852794249,231.89764549169095
2022-03-19,38300.73994123879,11006.28954697229,32330.568566916972,6966.2762316628705,565.266667905526,283.29216779891885
2022-03-20,56171.293080878575,9239.714545212795,36206.19504266571,9355.880573445766,585.5747859280559,369.09495413007653
2022-03-21,52999.32307171944,12764.721671195257,29295.12661198368,7447.232757324059,549.687112207577,322.3680742848012
2022-03-22,42502.13608127828,8546.483209811639,33009.16039808127,8074.5728223771985,484.1423944657265,320.6163783862911
2022-03-23,46218.23312771137,8354.99070239314,29387.84851492972,8519.688013311434,309.94129642254734,373.5134272511772
2022-03-24,66519.05010154034,6847.60592629496,34976.388574302284,12019.267850680539,667.1119580632771,288.24923192099095
2022-03-25,38512.569378224885,6143.890954497405,23887.528843001637,13891.907391386398,689.3771703799382,271.8917518646957
2022-03-26,42209.40476725773,8731.6112537235,31897.02499721303,9985.162013479747,278.4060528576835,271.3538629112481
2022-03-27,58578.1874512024,10978.634566185297,34486.30787149434,10395.457352583977,551.0233177981487,282.76346486374104
2022-03-28,53883.76679303092,12369.043411659612,35763.32362112625,7277.0403690212415,445.65819797700084,298.90597479168736
2022-03-29,55414.26878481875,8171.482861033037,28775.25169106462,11265.869762936763,273.8057858614917,323.94263842374716
2022-03-30,46194.08801606403,8520.88099796492,31290.678504768366,10642.250405553634,495.1387114756457,329.2660061465578
2022-03-31,61494.02871312436,8079.506713627506,32132.670759150467,12023.21053749028,686.5557939125395,218.98703739219187
2022-04-01,87941.07343607614,12675.52473959857,18509.15284274525,13897.909845335347,167.7066753843539,60.26291141882405
2022-04-02,42713.35410123213,10025.514671856436,29496.387856880632,10017.087566864682,372.2420539929807,331.91196568275956
2022-04-03,37469.25431574268,10375.060816639903,36881.41657662534,12882.380374729693,500.0567555662872,259.8360503453027
2022-04-04,57590.317209566005,13590.103177343459,27059.658567411527,8249.162807038121,563.4949386828144,302.0633038339623
2022-04-05,49301.67963768564,7524.146039614783,33837.78291936357,10428.226330637792,443.94186134118826,323.0758886284193
2022-04-06,42500.10543354031,11210.884017846329,33236.84884115395,5252.958561098204,569.6680568873483,279.0642031458998
2022-04-07,50787.32734840281,9923.499557089692,35717.48476708479,8536.457594594267,665.4739996581677,207.10636470326253
2022-04-08,44758.66605320703,12648.472830544622,28294.39848481592,10325.997823828624,534.0401256654676,265.1648553084138
2022-04-09,47869.19323728384,6725.251666392611,34925.03990386006,9517.000713301544,420.9802807214496,189.6969569637794
2022-04-10,32309.078581177015,13278.501875503604,42100.31291728335,11217.656750110014,636.8383046966555,269.27247737801065
2022-04-11,39198.76587207759,13667.538722808222,19552.884317156004,9899.298798863443,501.26328757450244,336.370470202495
2022-04-12,62863.19722992123,6822.013838351191,28333.23935591128,6113.480759552639,724.1856875971753,329.33088738706664
2022-04-13,46694.030279890096,11170.891131553455,30882.32467412921,11810.456968162744,435.04772478202733,322.4182506676762
2022-04-14,51115.30970546922,10485.50798967477,26467.040015202758,9609.590585346152,436.7121024990417,316.69012005328005
2022-04-15,35101.15499239414,11061.884593112176,30802.871240059478,12642.133155787847,478.0594942277325,261.54414524451
2022-04-16,42592.3574422138,7741.945672983986,32893.18349110697,11658.674086639867,459.02910925461634,357.54019224785276
2022-04-17,38076.241266885576,8426.173834251376,25332.526322573824,4374.599399171317,293.725628290724,240.35328984754176
2022-04-18,51220.0910468243,11507.856337035586,18525.285771801682,7885.863953647797,381.0787049774067,286.38853272655234
2022-04-19,62699.657071740185,6311.92939281339,30355.046552002,7107.529034278695,519.9195588628523,238.5184636236462
2022-04-20,59191.47185146921,10652.75616425399,30705.67774317949,7524.988741699395,388.39564639093,272.847748555096
2022-04-21,45760.90959148866,14795.685342270901,33059.26716257788,11779.111917936898,457.7176771634346,331.9119091781455
2022-04-22,67430.87572312875,10375.905391261947,32300.225918974706,8046.35119654896,439.1865341305645,251.1109296809377
2022-04-23,61913.808800773986,8810.326573865872,29646.17317151957,9074.981023497585,610.7717301203498,267.1541941507901
2022-04-24,41187.242852264884,10515.640823432477,31543.364283843654,12554.671984839399,650.3718683634929,329.1158827301604
2022-04-25,44758.78482240656,7212.558973451978,38046.9614262247,10085.599971410425,645.938052339984,381.5493824898899
2022-04-26,59269.568564060595,12853.253068149708,30433.478938682736,11001.291242804442,389.33019232968087,322.98359790898473
2022-04-27,47967.096951174484,8596.645111055961,34189.498343802705,8751.659861611231,480.3436572985908,297.94671424174317
2022-04-28,35783.59617068868,10388.054158357018,32167.322950108595,13289.844936518211,671.7706122952974,234.54865162692982
2022-04-29,57816.88407221852,8551.13059266777,28863.467478821018,9571.502234658396,747.9541701456437,393.0597100400389
2022-04-30,52551.53662896105,12533.477654939947,19022.975443633397,11181.874615318407,562.2129580053165,247.90097566171335
2022-05-01,61028.14340902596,14312.865698857366,19594.252331271335,14566.66018294314,277.340491191748,59.53922360325968
2022-05-02,60042.77181684537,9061.604418396852,30076.16682891885,10796.089472329048,446.4320063606382,162.1852399847406
2022-05-03,31970.73302045443,8836.253465267002,34171.255211601965,11639.133094340921,604.5017405351334,275.1152533624257
2022-05-04,43223.25458294418,10960.925108558042,30807.66026728011,11255.71407161572,423.3212332762178,310.21399616876755
2022-05-05,40980.95375918474,9742.680465499883,29404.69220800903,8644.287986651407,534.9283185967968,295.7092462606423
2022-05-06,62585.46785185143,10859.527856593906,26905.09652936861,12969.388498192444,557.2833890791213,381.7089912018152
2022-05-07,33875.217325373844,11714.875993412887,21900.255324650694,9405.282120166867,602.4507237831623,349.09491006592964
2022-05-08,47164.58266821288,6640.8439242458,16156.530331903363,12611.561753192162,518.9572408858035,259.1527852990408
2022-05-09,52246.14040993048,13452.976717119764,29664.853088605847,7240.948870027909,406.952440410107,371.148765319622
2022-05-10,61475.07120467576,10569.324744566316,32591.88836985968,14029.385896514013,572.9037203535701,255.33881603356588
2022-05-11,50627.426195042994,11675.243708500328,24801.321747323243,10881.908899836333,494.07258165303585,253.44657331569567
2022-05-12,33837.5800959707,9128.885801926883,38254.27058144561,6319.6165405247775,460.35824748574464,316.57858406513094
2022-05-13,39977.39884289143,10339.38341802024,30020.86911722844,9763.833700318886,466.32628172782967,273.9776798247769
2022-05-14,54291.63077458962,10328.08388683114,34993.06919899902,10373.157634178222,632.5464266237259,322.31271347978804
2022-05-15,46666.92379852456,8581.160857576298,32816.20201457322,7798.239708225738,611.8082071964197,241.64122449105034
2022-05-16,42222.39472744942,9476.862690778116,33567.47480931914,12190.291925722926,659.5548830653406,392.9040736431054
2022-05-17,65185.392524191404,7878.607060119448,35860.78608560863,12673.551099513646,379.3120843160716,290.7413781548092
2022-05-18,69688.73773048638,9746.558786869662,34979.64304208687,6784.113109036618,502.831956108629,311.7950481806559
2022-05-19,59112.60262019932,5142.608941184884,34326.85473010007,9402.453186719236,472.40655911005547,270.83881585419914
2022-05-20,42003.78387313449,10908.764030464796,25263.99624858235,8482.0877259116,428.8153564637469,276.3929279863882
2022-05-21,45446.63786114142,8126.847187981979,27691.287685915948,11800.920196170428,468.4433240525138,305.1818150148777
2022-05-22,43029.722092218115,9473.164875959295,32999.1194891361,10851.289458702318,348.71581585732275,271.6062921890114
2022-05-23,37581.10754909958,10770.21907306119,26215.035649312817,10177.653360748618,559.3222965898422,298.25057885103064
2022-05-24,47047.98484313132,9538.894771127656,25139.07444722404,7334.387637206577,622.6414399474694,292.9222012664869
2022-05-25,34374.51471843691,9300.847947102136,29901.419925328817,7173.539596016981,547.2491232228024,383.5841337846463
2022-05-26,46336.0589080834,7466.490371020863,33616.954369016974,11621.41874097063,519.3331067146593,305.3144889856533
2022-05-27,40944.348996151944,11219.294960161822,33159.23238053833,10102.837948671575,468.14264131232767,390.95659139090867
2022-05-28,45465.991423821055,9299.960313744334,30418.626640568713,9721.317219695125,477.0052721886169,298.1468361535082
2022-05-29,51335.78040571933,7676.5375470502295,33686.0528012583,12559.82364199777,624.235818074985,259.8095318082655
2022-05-30,47233.97793183323,9261.98438064539,25657.49368128991,10559.040177952811,431.49530353071464,352.4967879024466
2022-05-31,76723.029881934,15581.268478460073,23306.753245761443,14358.859824921197,293.3341056515227,59.80972544358298
2022-06-01,42776.3429315553,10189.461521700465,26058.68333407841,11136.161663559127,590.4790668638587,298.4387141243321
2022-06-02,22082.826875418574,9376.903829191455,35761.10634225663,12842.212141231685,282.2965447014992,319.22203202323635
2022-06-03,42087.25857061667,9058.974839471906,35203.568474235486,9008.437610700685,518.1135957194281,298.4234192983951
2022-06-04,47787.39474770744,8991.641032754926,27529.38817735314,9054.886389340829,778.286802166712,274.39293904978376
2022-06-05,69831.24553264357,12662.674384477667,31483.116749414014,10285.329192228573,703.9124988427346,264.5317145352319
2022-06-06,27230.895207468155,12262.356536049236,29155.25940021779,7939.9340986886045,719.7171808076544,239.84509945881567
2022-06-07,39810.805616191974,9669.27245959705,30257.021107247696,10814.073046231137,474.1113427321089,348.0678087217944
2022-06-08,65232.230486438035,5348.242773180926,23973.456772753576,8782.327189055457,550.9739028181239,309.98437482161023
2022-06-09,71626.40214348448,13518.005118288233,30264.9228306959,10956.568307687461,538.0221258676197,258.6689426768742
2022-06-10,34247.62148994088,8732.729737124246,41062.98122815979,8354.167254057833,440.7481883463476,301.25058979916224
2022-06-11,32188.80063481828,10406.607130285898,38824.32300895944,10546.092522616063,494.6489647053982,316.10982021270576
2022-06-12,54719.893881794655,12678.129744239224,33442.02838057031,11869.114627076951,308.69635493173143,315.41776358125446
2022-06-13,42340.03373202237,6936.4466805643715,34362.59423410356,8010.300142910908,383.28166282511563,304.6683573733981
2022-06-14,57306.83164826431,12943.250217302419,22773.034790174184,8309.405592072624,716.5695092386098,261.88114480541805
2022-06-15,57543.73302353307,12457.965448546223,26741.516341855735,11844.467099779307,454.38774441152805,276.7770154935968
2022-06-16,29813.011236846884,6815.173334638866,29962.692728471404,9670.77327926854,315.6337894842647,352.6703429539044
2022-06-17,54690.726868600585,12845.20511717811,33283.688247446524,8051.823101439115,649.0204180256262,311.8187630130517
2022-06-18,45696.79603143829,14501.663806205594,26114.711453662163,8690.587859974572,298.0933731564966,252.45325064278123
2022-06-19,48945.02750244011,9107.042542600226,27918.630336182,10637.134116842199,364.0938632444552,237.08031128663902
2022-06-20,51953.15867438786,12885.738035836313,29213.514934117386,11899.152590364338,503.59738412928573,195.96221955038098
2022-06-21,57512.5394762101,11596.771304436132,28024.010843605665,10916.41370966266,485.1669808474206,393.89737175631046
2022-06-22,57561.673718124504,11043.72597902397,23943.12891537729,12163.29728030652,440.5809583833427,272.6950248101641
2022-06-23,38669.39144583634,11515.720838966692,27556.81919655399,9976.951125338903,443.5028856323785,367.9406937660511
2022-06-24,48825.18176807264,9437.533617113413,29866.86755923433,12474.070917759409,481.78113314286253,387.6190976248649
2022-06-25,38379.424520306864,12133.898198037372,31722.981622745614,8933.296554303646,586.9765968590913,374.5847864012072
2022-06-26,51112.74550972428,8782.871381733888,38605.13398653809,8586.586454082986,431.18565018310846,276.9020275472066
2022-06-27,59338.41903048039,10457.499239812269,25749.80262007069,7356.365524246678,557.1854234001241,307.23172801302564
2022-06-28,58611.24100149034,10515.962014758512,35746.21098717164,12015.97877221526,462.896967718411,327.12459930749503
2022-06-29,47460.517323798944,10667.722982661713,34563.50956549725,12409.208085173874,552.5789896406051,260.5801986972799
2022-06-30,66824.83275910211,14637.992284139762,19070.719009796314,22575.26545387978,233.99234576682926,47.720309086672195
2022-07-01,57872.03625433133,10377.23136193588,35097.94488280456,11373.843368349266,536.5924881418592,306.98732189513635
2022-07-02,58256.43880100579,11397.495089668479,29887.022662815718,12021.365109435474,690.9712637339105,332.9352693923722
2022-07-03,41999.68484044257,8491.581294879124,24039.300444277527,10441.216694973353,507.33465829163816,278.38392299323385
2022-07-04,37440.62242680206,14909.266492360193,17978.84873152207,11704.65724015536,655.4411180068906,348.76276826771823
2022-07-05,56211.68721503123,12268.980269673895,23422.3773200944,12504.493775662771,457.9325646593105,231.39300069654757
2022-07-06,61174.02681357684,13667.666402815297,36446.64956446629,10643.220001780366,617.5409881999116,355.7268856488105
2022-07-07,44753.59273095112,10914.27513663256,34290.28483068261,8397.497713256744,653.9726250892218,290.2057559229128
2022-07-08,47592.49247095948,12494.293515462221,40955.78727174234,13226.0347621785,537.3863468366092,389.6000386437656
2022-07-09,36862.93450144149,11843.554833896922,29566.406431009986,7752.425379395974,437.4891445795497,324.00271969649384
2022-07-10,43785.04618481064,6909.697116149155,31705.477976792747,9814.121668480313,406.42678182672205,248.22513596814207
2022-07-11,39277.92122760453,10518.248998988467,26304.690763264793,10114.745471611704,501.04509418038833,288.91253560434103
2022-07-12,36408.09507690254,11133.421914611079,19263.586716210513,9078.023105670381,628.3376480556788,242.3419208254551
2022-07-13,47515.47242293893,7407.085745423192,27553.984025368125,8853.829727562432,633.0371724031036,308.7952579514976
2022-07-14,63863.07958372803,9738.076907490098,22472.656729840375,9973.517746067038,396.59980108168764,316.33692101943177
2022-07-15,55350.81726402052,11382.532168874142,23277.350690627907,11702.600430745964,423.63475338150994,222.305087022842
2022-07-16,29844.88912775248,11167.30684894748,30822.178831183133,10037.46484944322,383.0726319359676,351.7466982685818
2022-07-17,48094.386503192356,11023.378121194295,27366.677513221966,6967.8717282262805,526.52574896875,248.2996258690541
2022-07-18,36231.284347885,9094.472444921588,27690.868527772953,4400.650194298475,460.00428621253286,406.28900396921574
2022-07-19,58339.66594917993,9434.660013787881,38234.142458783776,8829.001968770153,554.3674402927165,370.58032168290697
2022-07-20,50489.26373772617,9626.78807511651,34935.831481188965,10131.64034115168,323.90017636545804,310.93768319417035
2022-07-21,53099.31699596159,12153.164682101407,31857.28173183206,10163.565467778644,593.0271032294714,301.29371596390865
2022-07-22,59764.121097282085,6516.133199322025,24067.97973487255,10272.891017479105,260.65801094725254,299.30177261595503
2022-07-23,71748.59356942288,11360.20106433037,23058.313235442343,11195.037550512132,444.41617566528237,261.80275197162837
2022-07-24,66401.06292824956,10322.397400214095,33754.54604296806,11232.957683077193,290.92901876456057,292.7701748996808
2022-07-25,40230.716403275306,14766.576056579475,28091.005236007873,11248.363689729069,543.3731713001613,315.75986790032164
2022-07-26,36307.32140730963,9224.538841963793,27962.483901674834,9677.027123136135,554.5794801379028,252.13218472851338
2022-07-27,46904.83184375129,6950.832757101463,33075.02774195134,9015.15584741764,488.3921015215908,430.32667861013596
2022-07-28,43128.30097911506,8498.506276968565,40093.074817309156,8031.288395845166,446.414636873091,301.71195867552086
2022-07-29,62802.18055168566,7521.082468581986,36045.08898864957,8831.911707027004,517.5659596127631,363.89740786355907
2022-07-30,94481.56771854864,13642.449156028199,27527.591684770043,10096.550851729342,191.91056772181108,58.59710558115083
2022-07-31,65997.42150261355,6755.57173540332,28556.974728567246,12318.32397702196,378.32442539310483,280.7984607462671
2022-08-01,58353.41347016078,13986.257493129511,37019.847593755316,9710.109701706911,307.1626066683573,358.3734561605877
2022-08-02,63705.21284803608,8609.986609092983,32660.5277974404,11380.706936969658,446.21866719528117,271.7803725648043
2022-08-03,29883.759694358654,13460.645294014123,32880.737734029026,9064.30286877456,414.5545122318586,282.6417965125692
2022-08-04,50872.80626412969,7003.3216067786125,30239.15878472808,8745.001149818987,726.9504309614349,284.72634801740287
2022-08-05,61593.84100953263,9208.269597106373,28682.684996056603,5121.986504613908,395.28313223143795,325.46102423771396
2022-08-06,43039.26256441072,7114.244681706077,37899.34152507062,10381.993173018891,399.3230652008299,349.1610932138656
2022-08-07,54113.3052949136,8130.631287180708,27637.032794284485,15928.864471030638,319.7722173207262,270.9592004404384
2022-08-08,52629.83932310479,11309.95277607362,30305.09108793931,7114.631205227655,373.5385167032791,370.69407018181124
2022-08-09,27577.030289250484,7971.848721493238,29654.55558931684,8599.099731538918,548.4569288071051,301.8460871502601
2022-08-10,54633.43013539244,10286.127624441791,35950.392993189715,13379.667949177281,413.41220703252145,210.54575024337544
2022-08-11,41694.13210470023,11908.642201533166,37060.6939816041,11660.463409380864,584.4660339237603,284.0575927049927
2022-08-12,58799.55105851722,9658.936054485628,29503.104383385646,9815.539105984302,459.19847860484174,364.5181369521883
2022-08-13,45392.01792631405,8789.955239307277,33971.672324709376,8534.41870320139,524.9584167946613,296.7007943402441
2022-08-14,42973.63170645011,13457.429117907219,31779.968250055994,11834.284026029054,329.55138094036363,242.49282243851377
2022-08-15,43186.96397159184,8575.263281656582,25613.264517991887,9231.941488709348,650.2966985005444,312.07287729843813
2022-08-16,65799.054183258,7721.135886767366,32349.523823081567,10263.454311532954,352.7818535602127,267.34974777900163
2022-08-17,51818.27112283585,7824.469291988455,36778.47574929996,12325.178789192805,215.32616318342497,341.30289397443437
2022-08-18,48081.73556879257,10143.358304506946,33476.08897469989,9181.085941251718,608.154209150682,242.37046110304007
2022-08-19,53722.321651104234,10585.943902333349,26354.81014779747,9193.219053899378,445.84063724168834,374.03494253018334
2022-08-20,59027.964203555224,7857.0862726907435,26852.284442868724,8240.491821571692,463.8635544401385,342.1291038188772
2022-08-21,55876.01710471178,10411.651235857888,32495.15916697048,11497.154593695273,522.9323727060597,365.3927007539263
2022-08-22,19112.598045237966,8599.93167210366,33987.59607859595,12772.834711978929,564.2576311477695,255.34764786766578
2022-08-23,60673.966643674066,12999.499502693681,30720.099268733386,11638.043172534291,503.08405317135583,314.077007776378
2022-08-24,44913.418255508775,10584.832032920916,33245.6567911245,6709.2239313549435,420.18913881882384,200.9536417308732
2022-08-25,63876.3037114226,11923.88659972959,30986.054586167727,11007.63064537734,524.2172760597875,284.6136822565098
2022-08-26,48906.203601833586,9088.395488064732,37435.21349745689,10806.881257117313,511.74414345379313,367.8011304741539
2022-08-27,42094.642614956494,9770.490005554502,22080.7392072965,11102.78065451149,473.26551150286383,365.7998361103681
2022-08-28,58232.49562214353,10429.419996913583,32001.8880171976,11439.091236109747,532.8695911359068,312.5628852483748
2022-08-29,66408.05866416078,9468.809972305822,24339.983614458455,16830.59429629257,421.7850988020396,78.96829347347298
2022-08-30,56838.4027092579,10861.97751430325,29888.481623408214,13144.13364846661,481.88988843633774,296.28579827043313
2022-08-31,40180.71315176196,11727.675066728714,20319.256989183687,9992.558249607444,612.0581592310542,280.65905864871644
2022-09-01,44057.34084589592,10301.732378720111,35426.84311276683,11007.853505518795,463.1041768832548,281.77744734616726
2022-09-02,61066.33694567378,11420.02960024864,39844.747655277366,11981.375429361682,412.541452082489,257.3313163237131
2022-09-03,55789.7710674629,12828.438724114163,33029.69958863507,9920.674292228714,343.7910412883475,362.3708825283114
2022-09-04,69465.05511043992,10825.240342828369,37718.79708686989,9474.566566362731,322.3533902613022,290.76441295431397
2022-09-05,49637.61557030057,12303.72193868407,37001.39826840686,8980.505907513572,456.9714412434823,355.7715345474179
2022-09-06,52581.26285286531,11527.695882390934,32149.765740494397,13776.507381740545,386.16564001777755,413.37794768914875
2022-09-07,41931.939669875464,9605.93817916659,27047.135337286672,9670.15291632809,544.0434887326223,302.1295409430959
2022-09-08,55167.04046828857,8746.897584545446,26542.799345975538,10831.506437292597,516.3385924144458,238.7649713018346
2022-09-09,49330.052311186504,7994.88047566008,26625.962887393573,10155.214883673163,546.1277816510508,269.1168058765572
2022-09-10,65790.20316334588,12685.13082941282,33752.230107735624,8958.709049350791,451.4804113217539,298.5831198737419
2022-09-11,60029.47714498493,9013.776079326839,28775.934041055283,9613.640139557798,473.4919096764681,271.275364663645
2022-09-12,48415.63319444437,10135.832648146172,34186.041216498,8612.844047873952,590.9316117994031,256.9843899894421
2022-09-13,52403.15467379071,10180.601426502357,22761.54236181066,12358.61680697726,463.20713667671663,203.8903627239181
2022-09-14,28472.387801993278,14378.648563510815,23088.2338628293,11103.32901021791,367.94305159174644,354.3062225398878
2022-09-15,48589.290863890994,12429.483941493036,29317.684569038043,11566.911251279053,402.9953820780698,399.11040897603027
2022-09-16,65990.5134340647,8332.862260872664,36685.763878667756,10478.449740664082,771.6679734699885,326.1793809731276
2022-09-17,41224.38517570187,11538.649575383963,33628.76203416057,8739.532925300133,514.2253102165886,350.2482134270631
2022-09-18,38237.62217282476,10074.439814923282,24708.834707786405,9539.785963859438,421.2974213242105,296.1516255983402
2022-09-19,45451.02018197968,11355.338289357376,24446.074762035158,10396.929025932835,439.39818691249343,327.9335737061966
2022-09-20,56409.57805635493,10771.880955053706,32681.12591640414,13770.369432942414,341.8475892090114,253.38336876289173
2022-09-21,36796.78820872697,7513.586306181132,28865.710041626066,8577.42392311157,667.6042116923959,375.750060216271
2022-09-22,62250.287422816175,12905.995832227016,28270.468796104855,7231.180045717723,406.9736902111309,227.3225131889489
2022-09-23,45444.995713204094,6597.3354208838255,24916.535037831767,9760.290833566844,416.8626529517195,309.45751391812
2022-09-24,45417.286842812195,9364.131571804475,31640.023358987695,11767.257193666806,661.7845319366389,387.60195425818995
2022-09-25,47038.68359932336,12533.261284907212,31751.546711186274,8388.07607471857,472.2355455835604,235.8098075523988
2022-09-26,53830.67610658581,10100.92968360139,27805.67085825909,9136.298613077695,462.36119459887357,239.09879166642915
2022-09-27,52698.534745069075,8373.426956931802,41387.29122625127,8808.6811721074,578.3559393671957,289.361717924542
2022-09-28,63729.57419934959,11287.785653445388,22105.762465347645,13941.484953586518,141.40908554339745,74.91542884573123
2022-09-29,47712.3008616148,12246.21788970191,31529.515948906123,10169.54694516359,565.112354535347,342.96746196239997
2022-09-30,50705.61342755687,8260.352788211207,33009.87672581687,4979.527597625889,689.2419417053219,361.94110380889924
2022-10-01,57734.71446109903,8212.188422831392,24829.059515409295,13190.0422180834,492.7310898830949,309.05302410165785
2022-10-02,48400.29885387849,9585.51425931149,21193.551556063292,9784.466659318752,468.88332462678096,278.9002797695648
2022-10-03,40132.17748152847,7078.080098711533,32585.96425625694,12603.852976867513,416.24417959869834,361.6430820194207
2022-10-04,53866.37165473744,12592.495965644954,35242.86174354715,10466.356693051028,480.04090734859295,198.90174251412446
2022-10-05,68225.00044096267,7308.925773627638,25302.38184106658,11783.90338574014,479.31697316512526,356.7387058678158
2022-10-06,57846.848597870274,9637.673422103073,27495.76676905096,9524.477983257619,485.1481580768998,339.78670245741966
2022-10-07,68854.89136940571,13993.588691728226,24048.718345532976,10104.854941839505,555.0639575677127,305.02915216924345
2022-10-08,39293.912279234006,8829.796078597416,31377.34433201294,5429.071926695113,674.1658495849488,210.53821190321824
2022-10-09,42422.10267169773,8175.1483631625115,30407.1047092065,7081.714934106201,574.8776958863443,303.98142500383256
2022-10-10,61845.23291319755,10220.376479611494,34714.36896852393,10452.618873179177,570.1003799378974,286.6799189042171
2022-10-11,45058.16519365535,10867.576684827452,29051.295676603226,7911.875856678748,512.5984316883611,311.62025256944065
2022-10-12,48422.11462043404,9122.669051271176,30346.819046134544,10810.534644424015,557.5956907439895,251.52387243990492
2022-10-13,46391.290979855636,15177.566116977898,31454.503692358914,9225.333002650807,628.9508901526056,193.6581752338771
2022-10-14,46758.46743819955,10656.966682639446,33794.36605671335,15668.833819575484,245.52284535203225,364.73710787187656
2022-10-15,29626.49139906175,10717.222634020785,25667.691943612976,6396.524506409634,647.1059543123863,337.4805218192979
2022-10-16,55765.903037179814,11162.984638586428,25074.12733416821,10627.458315311202,569.3014231917874,343.25376935082215
2022-10-17,60952.283810520006,10007.428463866434,32526.68228361885,8776.188932736855,664.6279783048315,235.18129692911648
2022-10-18,54892.32153192931,9970.014878244672,28155.915770091102,8998.612839544905,544.4951575081859,345.6042246665398
2022-10-19,56227.27702720118,10930.938570385892,36029.1445404495,7860.632826181132,324.0594440574231,330.98052190995776
2022-10-20,36727.81602443442,13139.205855698108,22134.152374883015,13833.68965491952,440.0719253234466,295.42130271845724
2022-10-21,55994.508500333766,11770.355650088517,26031.518548393997,9907.853551762306,319.92584521195926,352.41531040013433
2022-10-22,57246.30159082489,10080.29299291513,29494.803879587067,12514.69935007743,357.4822696986135,271.9587005477423
2022-10-23,38019.703966986846,6882.868745121405,36114.823909968894,11826.298558390496,365.9588566504584,324.29387470109896
2022-10-24,23243.373689205637,9615.857018861809,29877.10486945596,8410.185675212313,413.3673324144595,256.6597388779358
2022-10-25,53564.090818857614,5084.387315543109,28274.825788369275,10301.770644233657,539.6671026623382,253.41075571315912
2022-10-26,61455.45276697836,6477.777940913167,19617.79202224191,10317.031521153556,518.9443280468771,345.84526288369545
2022-10-27,48362.539117120265,8604.227311765111,28022.153620075173,9676.408791074937,400.4932521711578,244.64975870078294
2022-10-28,76492.68139316568,12153.779634853368,28215.32124836597,18038.60251485842,242.11860576483656,66.83106598050517
2022-10-29,45574.34309559938,10375.763431296728,31780.018597187605,8852.833084707576,588.5616874027579,345.1170608062451
2022-10-30,51025.169755214156,12443.730974777614,28279.019129176526,13435.353527181032,513.7308749836747,381.960507776702
2022-10-31,60702.92711685059,10693.181296363065,28771.598269848047,11416.711920121495,550.7184367678275,279.40207705824645
2022-11-01,52836.99396917892,11533.672150171175,34250.29916078157,10768.898482033284,396.5652339868954,361.74425006831655
2022-11-02,62030.96147248823,13704.216282808415,36596.649266229986,10571.409878832303,577.289101181893,273.16850389981533
2022-11-03,37360.24222321005,10196.160444356849,37358.211977945,10677.932058198163,476.3294538987087,247.62420741762728
2022-11-04,46986.34259588432,9886.986209836135,28677.899013656413,10607.4100157585,594.8640482369337,352.9360670457458
2022-11-05,58829.35025404672,8925.952802270029,32156.38542189295,10229.578767397374,544.6888364657489,323.89292419196727
2022-11-06,61078.99748890969,8314.094038305822,26444.623990695178,5742.22507265665,399.89301338560597,338.19449749526905
2022-11-07,61752.18260311409,9987.583116443004,37600.97200393812,8712.601083494794,414.67639146155494,228.98090385080167
2022-11-08,50909.69139890323,11355.782644904797,23530.0780643474,7157.418487388404,441.3661695079778,345.9326054782077
2022-11-09,38420.05325995838,8968.258166041205,30679.741979990093,9692.303395311936,375.3733635920491,286.5691967506413
2022-11-10,45689.34460302781,10298.636261380308,29368.760169785295,7918.845086770281,496.97580060706423,249.97784694094796
2022-11-11,38313.19030773841,7082.824221953577,31879.300220199577,11544.119300479491,549.9678995142992,267.8774846549116
2022-11-12,58326.57202362644,12103.997256657156,28019.873688157797,12057.438396151218,509.15893988000755,366.34885261791413
2022-11-13,56964.93096970627,9389.30873478795,27090.363509889838,11174.539274918507,629.3126852175895,331.5622525651181
2022-11-14,53928.338475513796,8819.838549628403,25964.489242079537,7259.5368322014665,740.3680356714124,317.7857579232497
2022-11-15,61261.76430959262,11186.080465098157,34884.20076046623,11052.200408225806,431.82126346490736,287.9843982405365
2022-11-16,30459.175850075913,12428.825415775354,19360.028165619573,11621.080624221304,512.5152294681441,272.25789811342173
2022-11-17,39012.24960213992,11397.585172413023,26461.37134177671,9074.326121974102,507.05809655881774,354.3190473434602
2022-11-18,51761.7088396648,9902.83917519541,24417.181182607423,8488.895667831057,558.1994380773232,275.96590401765354
2022-11-19,52302.612417772325,8653.06102638425,28522.693036508503,11723.235983931838,545.3670127770644,280.4487359169884
2022-11-20,52287.8681064309,10584.363140056139,38051.49819742248,11087.758001245124,530.6948548603666,335.2658966068497
2022-11-21,64276.7638702578,11247.721107903873,30588.963765849425,8689.454605182165,527.738619381917,349.2978985592455
2022-11-22,65232.315000780625,6685.266213618801,24050.088438154264,8905.582686935588,503.41401821394606,206.21576786011485
2022-11-23,45069.627449523716,10492.944532252328,28912.408775152442,11143.027150645637,518.8059164001525,270.1196688183316
2022-11-24,54836.72533967748,10111.429271417355,28572.162322661818,10593.216466686383,440.41067435515,164.1606106842974
2022-11-25,59822.64248729749,8962.674288767828,27046.209259182877,7141.010167970104,425.15784650823707,319.19824592854104
2022-11-26,49435.2466824181,11086.665279979628,28354.97495206212,16196.318254804795,446.32046159973646,321.5625716153613
2022-11-27,101593.44856959174,14446.447965228846,21758.333360654273,10218.453853037536,186.06192380067415,48.56261446738056
2022-11-28,50758.84453257239,10944.198262059024,28618.912306284557,9901.8762597073,337.94948870302176,295.33888977464085
2022-11-29,39406.39677436998,10333.860336375708,24943.89057865287,9391.809797891538,558.7507927982493,344.2542800876103
2022-11-30,54470.18018419655,8228.319669211043,29969.049975212303,8575.941706738238,703.5435256074788,192.94451430176161
2022-12-01,47840.5719936256,9615.433322253355,24331.515642183367,9084.369995175191,572.650771710699,236.75349131509506
2022-12-02,40920.64664974085,11171.880257937548,31756.16039590313,8480.746512414235,504.29847537444675,297.1923941235082
2022-12-03,41068.222488012885,8621.250151918668,35088.26479365521,9835.685329888356,633.5478222774586,350.7549650057447
2022-12-04,61064.38700868234,11292.673461868462,29180.188016497275,8921.495243605079,449.75518713949606,314.4848295361595
2022-12-05,65123.53215340251,9694.33788577241,43410.247575142974,8055.495098758696,428.53467941833827,305.242788394563
2022-12-06,34659.274986559576,10012.886510397278,35285.17027442903,7268.951714093947,491.67515014833043,366.89713698429375
2022-12-07,51820.72666859628,9024.844260121306,33163.23414094541,9036.244843790919,447.0992999337674,316.2542507494283
2022-12-08,60059.59368019309,10076.639916452223,28317.19260680834,12120.081559492162,385.8284507311938,314.8814692273014
2022-12-09,21709.90750231484,11941.135363263355,25702.615149529018,8644.711402348901,556.9783890892419,237.0642300081631
2022-12-10,63722.392926162305,11839.98547757875,24347.735538585577,11415.166293437433,640.414349822357,383.07718015843056
2022-12-11,54147.19945963719,12549.295754669767,19796.411269406093,9825.020162807728,332.61836373304226,329.3154098834081
2022-12-12,52004.173877625115,10412.61886070793,29490.899580589943,10882.594499306457,447.68271633602217,287.05890264292924
2022-12-13,70397.96864800673,11030.537921049678,31901.090317500748,9046.155301771012,646.6964282819471,382.7389652150116
2022-12-14,32193.192285391087,9510.444773887177,30510.034662313927,10281.13288528786,670.1458698801298,338.7498284361388
2022-12-15,72282.44098014623,9917.680040606157,32086.32148218333,6051.962030656589,429.14367295438507,265.7241456464471
2022-12-16,29448.974446709773,7873.947845975016,24056.141630890026,9301.907263436427,433.5750624274557,279.79686093036395
2022-12-17,57857.859470614436,14741.493616052103,18033.585866639674,12962.843054781417,434.3901245297104,324.640853892466
2022-12-18,47574.98561590063,7242.066709175768,24247.55071593463,15466.93614107214,412.18869784231896,175.08834963892775
2022-12-19,52425.23715596838,10563.843012361165,26639.903644562724,10718.154362476058,415.5672813386025,382.9256992158118
2022-12-20,49460.06123462942,11406.926258698619,24670.26735065195,9490.304220660952,509.59744420238854,319.0141340928868
2022-12-21,56491.27589260787,12494.665570077312,29114.988020298824,13176.625975300407,606.1248507121278,291.3513789937993
2022-12-22,42497.067199114914,10802.327847671619,37204.64673025951,12958.534216143213,527.1995803171924,223.99483609849094
2022-12-23,53502.72786930686,10180.236182178987,34255.229268731324,10250.862237318634,463.9364662809296,313.6920157292961
2022-12-24,50657.425935572865,10649.199597104927,22287.685435701653,8076.345449860044,408.9320022985697,358.06191339939346
2022-12-25,41193.628310284796,11234.50761884736,39878.41798281771,10751.679143544045,564.218420520842,252.41628798382536
2022-12-26,47966.72585183347,13761.491939150768,29156.33352962746,12006.72999456302,499.93817587800197,301.4058970094272
2022-12-27,86628.32634019322,16155.671350814937,26702.37315927043,16200.752632116775,226.3843598472894,60.49013469399693
2022-12-28,51204.1950999408,9716.045956105669,30438.428569375694,14402.645191902444,543.0821423121979,264.621725033805
2022-12-29,54465.860238248155,11630.657827989482,25097.37684776807,11591.152875056774,536.1835245546868,333.77137083429244
2022-12-30,46599.934559458714,11244.875049946413,32496.215368523073,8450.764153711101,556.9258123839734,379.4672716124869
2022-12-31,56538.87960653715,8823.08449767176,19200.289308884672,9123.610895819698,398.8569545449818,331.97407017997057
